{"0.00043339592500268864":{"user_id":1},"0.9621204836258468":{"user_id":1},"0.2823701685513884":{"user_id":1},"0.49354558568326623":{"user_id":1}}